alpha,threshold,reach_rate,mean_hitting_time,median_hitting_time
0.050000000000000003,0.90000000000000002,0.041666666666666664,66.207999999999998,70
0.050000000000000003,0.94999999999999996,0.0023333333333333335,66.285714285714292,70
0.050000000000000003,0.98999999999999999,0,nan,nan
0.20000000000000001,0.90000000000000002,0.94833333333333336,25.459402460456943,20
0.20000000000000001,0.94999999999999996,0.91466666666666663,32.796647230320701,28
0.20000000000000001,0.98999999999999999,0.79300000000000004,44.922236233711644,44
0.40000000000000002,0.90000000000000002,1,7.6393333333333331,5
0.40000000000000002,0.94999999999999996,1,10.181333333333333,8
0.40000000000000002,0.98999999999999999,0.9993333333333333,15.13008672448299,12
