strategy,window,trade_no,true_alpha,q25_alpha_estimate,median_alpha_estimate,q75_alpha_estimate,median_spread
full-history,0,0,0.05,0.2583333333333333,0.2583333333333333,0.2583333333333333,5.166666666666657
full-history,0,1,0.05,0.2583333333333333,0.2583333333333333,0.2583333333333333,4.7310186951545035
full-history,0,2,0.05,0.2432078935291418,0.2432078935291418,0.2709080503624571,4.864157870582858
full-history,0,3,0.05,0.24320789352914185,0.24320789352914185,0.24320789352914185,4.4895084901014854
full-history,0,4,0.05,0.22912513378355545,0.2551212758184331,0.25512127581843314,3.8096561639652435
full-history,0,5,0.05,0.22912513378355542,0.22912513378355545,0.2741773528291759,4.260622502929337
full-history,0,6,0.05,0.21615196601301034,0.24027580158910944,0.2402758015891095,3.6810793313311905
full-history,0,7,0.05,0.21615196601301032,0.21615196601301034,0.2584565881215627,4.046288631700108
full-history,0,8,0.05,0.20430368843350336,0.22648324652843219,0.2800036465940024,3.55175383931126
full-history,0,9,0.05,0.20430368843350336,0.20430368843350336,0.2436279175133017,3.84758361313483
full-history,0,10,0.05,0.21379778168114916,0.2137977816811492,0.26439626212925643,3.424336603058279
full-history,0,11,0.05,0.19355484919388027,0.22980868883362077,0.22980868883362082,2.911064567069431
full-history,0,12,0.05,0.20222493023458182,0.20222493023458185,0.2495973495430654,3.300932496861506
full-history,0,13,0.05,0.18385069932424997,0.21706035829999468,0.27101211342751547,2.8519171893289865
full-history,0,14,0.05,0.19173252838912946,0.19173252838912955,0.23573370390790882,3.1830676409856125
full-history,0,15,0.05,0.17511772639481615,0.20539628396315837,0.25634596313949504,2.7887412761874515
full-history,0,16,0.05,0.18226188118144737,0.1822618811814474,0.22287890918346331,3.071729261030569
full-history,0,17,0.05,0.16727243125496477,0.19479189448676829,0.24252789363803587,2.723676155850555
full-history,0,18,0.05,0.1737377864336314,0.1737377864336314,0.21105946127861847,2.9674453643220318
full-history,0,19,0.05,0.1602280614993118,0.1851953184502842,0.22964168543854516,2.658422229268396
full-history,0,20,0.05,0.1660767383620167,0.18317017001884314,0.2493733476118273,2.5914386957642677
full-history,0,21,0.05,0.15389938626792474,0.17653713074167285,0.21772626727814465,2.594254567138279
full-history,0,22,0.05,0.15919312371198616,0.19045104242292532,0.23655381954690813,2.2807742913001476
full-history,0,23,0.05,0.14820579762535752,0.16873847429095545,0.20678301174138625,2.5320710967807116
full-history,0,24,0.05,0.15300354698971066,0.1815622211904898,0.22463291927113013,2.2466731425027007
full-history,0,25,0.05,0.14307309649354258,0.16171730651933214,0.1967842831415378,2.472456851446566
full-history,0,26,0.05,0.14742958674538542,0.1735262623364072,0.21362313575515554,2.211345965673445
full-history,0,27,0.05,0.13843431361352504,0.15539284998862896,0.18768192271845222,2.415751021989564
full-history,0,28,0.05,0.14239933585963904,0.1662672903464146,0.20350842367114177,2.1756672326292232
full-history,0,29,0.05,0.13422986747448268,0.14968850580678658,0.17941480682292443,2.3621087274304813
full-history,0,30,0.05,0.13784806060704075,0.15970908004377007,0.19425175764911007,2.1402750715433854
full-history,0,31,0.05,0.1304072983356698,0.14453355394787873,0.2102475761527277,2.3115535415483066
full-history,0,32,0.05,0.13371826150892027,0.15377822836459515,0.18580209060924616,2.105615964651136
full-history,0,33,0.05,0.1269207559445851,0.13986395872953356,0.2009049529114325,2.2640196328105873
full-history,0,34,0.05,0.12995935717986865,0.14840612198164918,0.17810023527269148,2.0719867246462087
full-history,0,35,0.05,0.12373036575355724,0.1356225548157117,0.19233335957113712,2.21938404573676
full-history,0,36,0.05,0.12652715376997425,0.14352998973722217,0.17108349160419112,2.0395709838795852
full-history,0,37,0.05,0.12080155670029907,0.15332913378724783,0.184482175215623,1.8392981275772087
full-history,0,38,0.05,0.1233832132185926,0.139093301198272,0.16468905231163242,2.0084692572021225
full-history,0,39,0.05,0.11810440253927115,0.14822246608936002,0.17729616585633148,1.819236313962307
full-history,0,40,0.05,0.12049419496596499,0.1350457265298597,0.19085277741428644,1.9787227357907113
full-history,0,41,0.05,0.1156130066691107,0.14356415857694377,0.1707188205424792,1.7993803711733563
full-history,0,42,0.05,0.11783121730478593,0.13134282330640304,0.1835458300574693,1.9503315306081532
full-history,0,43,0.05,0.11330494545073143,0.13930484640155524,0.16469472455097542,1.7798823760598168
full-history,0,44,0.05,0.11536926451591994,0.12794557087198016,0.1768283014998761,1.9232682957789393
full-history,0,45,0.05,0.11927555126304311,0.13540057667204378,0.15917112749008516,1.760845075975908
full-history,0,46,0.05,0.11308665243552664,0.12481983574856259,0.17065013284907035,1.8974881694755794
full-history,0,47,0.05,0.11673926557977007,0.13181247152271905,0.15409887953150667,1.742334579759813
full-history,0,48,0.05,0.11096455642517059,0.12193582293676086,0.1649630310665491,1.8729358736464263
full-history,0,49,0.05,0.11438737541669747,0.12850629428928265,0.1765935209616367,1.7243901564290525
full-history,0,50,0.05,0.10898660044931106,0.11926754692531664,0.15972148113686316,1.8495506773049186
full-history,0,51,0.05,0.1122006932447669,0.12545197799653005,0.17077676877061984,1.7070316760187012
full-history,0,52,0.05,0.1071385030188586,0.11679234145256386,0.15488331070560113,1.8272697870272054
full-history,0,53,0.05,0.11016249471073451,0.12262315438251026,0.16539591417243846,1.6902651846625787
full-history,0,54,0.05,0.1054077743371727,0.1295622963388156,0.15040993001752492,1.541313660295316
full-history,0,55,0.05,0.10825816868024268,0.11999670651008111,0.16041192307595586,1.6740870359055293
full-history,0,56,0.05,0.1037834585212278,0.12656267859019943,0.1462663480176482,1.5302690029756292
full-history,0,57,0.05,0.10647491653888773,0.11755235747792052,0.1557887641462164,1.6584869237542463
full-history,0,58,0.05,0.10225591487877839,0.12377380833239607,0.16593268617603207,1.5194153821761631
full-history,0,59,0.05,0.10480149523209176,0.11527230071538042,0.15149350348236254,1.6434500913428565
full-history,0,60,0.05,0.1008166326451695,0.12117517651574233,0.1611838494390992,1.5087773880688076
full-history,0,61,0.05,0.10322799846544767,0.11314087287066417,0.14749625160367236,1.6289589272250282
full-history,0,62,0.05,0.0994580741557026,0.11874868323204213,0.156758379873058,1.4983718914750455
full-history,0,63,0.05,0.10174567078484772,0.11114426761829047,0.1437700172480163,1.614994110512498
full-history,0,64,0.05,0.09817354204905562,0.11647833365713217,0.15262820302589503,1.488209867174504
full-history,0,65,0.05,0.10034674973555166,0.10927028724381824,0.14029050779007576,1.601535425791866
full-history,0,66,0.05,0.0969570667042781,0.11434996888182543,0.14876779726400727,1.4782977904170167
full-history,0,67,0.05,0.09902433185143152,0.10750812819203166,0.1577567014466675,1.588562337582573
full-history,0,68,0.05,0.09580331067600456,0.11235102989837795,0.14515404771391968,1.4686387074092693
full-history,0,69,0.05,0.09777225878383468,0.10584819659331784,0.15377970972635108,1.5760543904286948
full-history,0,70,0.05,0.09470748739482011,0.11047035203866362,0.1417660690703339,1.4592330573275518
full-history,0,71,0.05,0.09658502040663527,0.1158154217349482,0.15004748550424715,1.3353116643617398
full-history,0,72,0.05,0.09366529183784655,0.10869798674253463,0.13858501572138965,1.450079305053464
full-history,0,73,0.05,0.09545767221146975,0.11381042487316972,0.14654020912308863,1.3290555853465946
full-history,0,74,0.05,0.09267284125035613,0.1070250474629221,0.13559389141680073,1.441174429580343
full-history,0,75,0.05,0.09438576472778525,0.11191945260189097,0.14323989856539743,1.3228800912613394
full-history,0,76,0.05,0.09172662431756472,0.105443576646183,0.13277736615188585,1.432514302118605
full-history,0,77,0.05,0.09336528306587412,0.11013336474194735,0.14013025148060027,1.3167943889386038
full-history,0,78,0.05,0.09574348841924324,0.10394643096768422,0.13012160471346462,1.4240939796344776
full-history,0,79,0.05,0.09239259499103517,0.10844394912580926,0.13719649006880547,1.3108055725290768
full-history,0,80,0.05,0.08996044709398075,0.102527182292849,0.14469205256179052,1.4159079332987972
full-history,0,81,0.05,0.09146440619869432,0.10684381071564501,0.13442521357130915,1.304918998787997
full-history,0,82,0.05,0.09365030936683894,0.10118003213527269,0.14165173228114358,1.4079502266158102
full-history,0,83,0.05,0.09057772167973058,0.10532627533526076,0.13180426100410186,1.299138593544484
full-history,0,84,0.05,0.09267609172547364,0.09989973767400172,0.13877451204623092,1.400214654471398
full-history,0,85,0.05,0.08972981224831873,0.10388530605122445,0.12932258533615873,1.293467103060749
full-history,0,86,0.05,0.09174578911708228,0.09868154765987479,0.13604865552344364,1.3926948516876791
full-history,0,87,0.05,0.08891818545685161,0.10251543046981114,0.143137642661705,1.28790630102516
full-history,0,88,0.05,0.09085651063489535,0.097521146780655,0.1334634557855285,1.3853843776761607
full-history,0,89,0.05,0.08814056024888615,0.10121167743785775,0.14031603211271867,1.2824571596373389
full-history,0,90,0.05,0.09000561505504127,0.09641460726524742,0.13100913496460437,1.3782767822792152
full-history,0,91,0.05,0.08739484480587587,0.09996952183931973,0.13763558545930904,1.2771199914830618
full-history,0,92,0.05,0.08919068433590743,0.10400150881104694,0.1286767531877018,1.1719152867998162
full-history,0,93,0.05,0.08667911713038878,0.0987848363617396,0.13508685767285317,1.2718945675265871
full-history,0,94,0.05,0.08840950041757033,0.09434909110339185,0.12645812642038548,1.3646446729410826
full-history,0,95,0.05,0.0859916079806594,0.09765384926734355,0.13266117996739266,1.2667802154888363
full-history,0,96,0.05,0.08766002485545024,0.10140666371107386,0.12434575264175089,1.1648069746699008
full-history,0,97,0.05,0.08533068583127142,0.0965731073428709,0.13035058709875177,1.2617759020452866
full-history,0,98,0.05,0.08694038089463417,0.10019678045767852,0.12233274567658237,1.1613107816739046
full-history,0,99,0.05,0.08469484358467869,0.0955394433222734,0.12814775161017378,1.256880301623866
full-history,0,100,0.4,0.08624883765161295,0.09904033643561583,0.13427136110727997,1.157857457867209
full-history,0,101,0.4,0.08408268679987617,0.0945499471791311,0.12604592453996907,1.2520918540653696
full-history,0,102,0.4,0.08558379612054787,0.09793401495091755,0.13198399535077532,1.1544494448269234
full-history,0,103,0.4,0.08349292323932979,0.09360194077317456,0.12403888205682136,1.2474088129951184
full-history,0,104,0.4,0.08494377676333519,0.09687476306246066,0.12979871500619344,1.1510886968416258
full-history,0,105,0.4,0.08292435356441209,0.10052452012934979,0.13583584996133694,1.0529907858561813
full-history,0,106,0.4,0.08432740847808216,0.09585976622811936,0.1277094431621898,1.1477767479493082
full-history,0,107,0.4,0.08615189253715902,0.09939295249544111,0.13357286984253736,1.0508945143433692
full-history,0,108,0.4,0.08373341877031847,0.10327503064296606,0.13968785944130774,0.9542887064735055
full-history,0,109,0.4,0.08549937608261818,0.09830832489441106,0.14602955294092138,1.0488004252618879
full-history,0,110,0.4,0.08316062497628422,0.10206991936788815,0.1373531871028972,0.9532848376272511
full-history,0,111,0.4,0.08487078762450226,0.09726792584464596,0.14352709343456418,1.0467119884673934
full-history,0,112,0.4,0.08260792640878323,0.10091429075286104,0.1499035657928111,0.952246116284357
full-history,0,113,0.4,0.08426485969853395,0.10487675049147913,0.14112688642008678,0.8596519801664755
full-history,0,114,0.4,0.08628762390540692,0.09980534039982557,0.14734262929415057,0.9511776258650144
full-history,0,115,0.4,0.08368041250433567,0.10364975957434037,0.15373796541836732,0.8595055824785618
full-history,0,116,0.4,0.08564173728290742,0.10778929084095991,0.14488311175394278,0.7710244456392701
full-history,0,117,0.4,0.08794204463713164,0.10247173135792109,0.15112514633968796,0.8593022301324567
full-history,0,118,0.4,0.08501893654850846,0.10649138207794462,0.15752482452661304,0.771613371601461
full-history,0,119,0.4,0.08725099932576363,0.11078733865058447,0.14861254061513873,0.6881019651536917
full-history,0,120,0.4,0.08441804080428734,0.10524452467750223,0.15486661288211842,0.7721255262854072
full-history,0,121,0.4,0.08658477834436677,0.10941960457415664,0.16125731674784097,0.6892798895211456
full-history,0,122,0.4,0.08905813060050127,0.11385394572357453,0.15230708200724466,0.611299668173686
full-history,0,123,0.4,0.0859421176476705,0.10810479356566315,0.1585600489348956,0.6903676260607483
full-history,0,124,0.4,0.08834467224025905,0.11241800482268441,0.16492953306815178,0.6129338640229918
full-history,0,125,0.4,0.09103364805893151,0.11697481300349855,0.1559596472874865,0.5407959358227856
full-history,0,126,0.4,0.08765649823723669,0.11103662772068196,0.16219934967311805,0.6144698630448886
full-history,0,127,0.4,0.09027015102259964,0.11547271499704999,0.1685363472491353,0.5427688023109738
full-history,0,128,0.4,0.08699235105488541,0.12013777369654836,0.17494591185011152,0.47657978883283647
full-history,0,129,0.4,0.08953368249334155,0.1140265821420595,0.1657791567049614,0.544639910018887
full-history,0,130,0.4,0.0923369611163827,0.11857192553738316,0.1720733186653516,0.4787893013614877
full-history,0,131,0.4,0.09539334811335116,0.12333235704248839,0.1784224544483904,0.41849496744940495
full-history,0,132,0.4,0.09155020622745133,0.12829593661618735,0.18480292823449868,0.3637434909707622
full-history,0,133,0.4,0.09452452850087416,0.12170546423808569,0.1755366229185073,0.42085434421353796
full-history,0,134,0.4,0.09773833455080407,0.1265494259238571,0.1818169620551947,0.36627900753497045
full-history,0,135,0.4,0.09368614216991923,0.13158268107272514,0.18811331331107606,0.3170496793640183
full-history,0,136,0.4,0.0968154644724198,0.12486444482736517,0.19440433422113232,0.36871584482256026
full-history,0,137,0.4,0.09834841206436654,0.1297808813322424,0.1851270692219521,0.3195965305746995
full-history,0,138,0.4,0.09592463506767439,0.1348729363518526,0.19133308030039595,0.2755567571856119
full-history,0,139,0.4,0.0991951068955316,0.1280409789789001,0.18222972999243695,0.32205161092983303
full-history,0,140,0.4,0.09506434048637326,0.1330194265347635,0.18835092238781415,0.2780666309516846
full-history,0,141,0.4,0.098251467314849,0.1381598941526635,0.19446125962798763,0.23884925904285126
full-history,0,142,0.4,0.10165109638642983,0.14344719752288454,0.18545458236708345,0.20410424828041585
full-history,0,143,0.4,0.09733983852589996,0.13625838372633825,0.19148715266391497,0.24128468472056852
full-history,0,144,0.4,0.10065465518116526,0.14143725979614052,0.19749733671970723,0.20650629752029204
full-history,0,145,0.4,0.10417298863457164,0.14674880225574988,0.20346847955200434,0.1758434888457998
full-history,0,146,0.4,0.10789011053068212,0.13949155605333655,0.19453485088112607,0.20883916124567747
full-history,0,147,0.4,0.10312407735242272,0.14469915174247497,0.20044122348635246,0.17811399466762623
full-history,0,148,0.4,0.10675190444829268,0.15002531101827354,0.20629989481033487,0.15114842582990207
full-history,0,149,0.4,0.11057045039039531,0.14271312814569131,0.19749354305684816,0.18032413818251314
full-history,0,150,0.4,0.10565113781849385,0.14794003358909352,0.20329322949166045,0.15327431089646382
full-history,0,151,0.4,0.109380218674875,0.15327150695147682,0.20903777149418326,0.12963713395870968
full-history,0,152,0.4,0.11329230872607816,0.1459175986706351,0.2003631651246865,0.1553482436518152
full-history,0,153,0.4,0.11509343518061678,0.15115467220808831,0.20605403223416865,0.13161097328510607
full-history,0,154,0.4,0.11205128832123241,0.1564824857471619,0.21168347016832043,0.11095418800454127
full-history,0,155,0.4,0.11604957456539189,0.16188335406947713,0.21724153415548858,0.09307715037077458
full-history,0,156,0.4,0.12021716095791767,0.154338116291852,0.20872464636557303,0.11277312910816306
full-history,0,157,0.4,0.11475921927958929,0.15965364833202028,0.21423863396685283,0.0947724398306633
full-history,0,158,0.4,0.11883670555157838,0.16502875664330816,0.21967750854541512,0.07925470014477298
full-history,0,159,0.4,0.11350899950614779,0.17044576078031518,0.22503460052167842,0.0659506987418439
full-history,0,160,0.4,0.11749867021644739,0.16278070403705217,0.2167051549972101,0.08079350925913786
full-history,0,161,0.4,0.12164856506858383,0.16812230179747584,0.2220259890519067,0.06735853437582762
full-history,0,162,0.4,0.1259511390699202,0.173493320095216,0.22726347131087615,0.05588306955456801
full-history,0,163,0.4,0.12026469149761525,0.16585968039868754,0.21908514094519546,0.06874735035735569
full-history,0,164,0.4,0.12448029299822455,0.1711605231799861,0.22428951105540812,0.057144364246767054
full-history,0,165,0.4,0.12883984469732282,0.1764790239080829,0.22940968111574173,0.047269705417988916
full-history,0,166,0.4,0.12305259652245132,0.16888693639897923,0.23444280497266476,0.05839117806462468
full-history,0,167,0.4,0.127327206859402,0.17414031945898803,0.2264707349682235,0.0483941711422915
full-history,0,168,0.4,0.13173669884311578,0.1794003733872484,0.23147617203272144,0.03991649714927803
full-history,0,169,0.4,0.12585786251681158,0.1718591765726527,0.2363952198237387,0.0495079751338352
full-history,0,170,0.4,0.1301847299338569,0.1770589639913178,0.23173607419865874,0.040914369730742806
full-history,0,171,0.4,0.13463706040279766,0.18225526196044936,0.23346592943867217,0.033652149920897045
full-history,0,172,0.4,0.1365716451153527,0.17477346398137725,0.2382741439806909,0.041904745928434295
full-history,0,173,0.4,0.13304834295389298,0.17991411171305433,0.2429968482271563,0.034533852752261396
full-history,0,174,0.4,0.13753633691542796,0.18504197487174742,0.23538195797186773,0.028326126409311314
full-history,0,175,0.4,0.13150279135724552,0.1901444067739353,0.24008268832033056,0.023125713226335165
full-history,0,176,0.4,0.13591355598470295,0.18270380232944286,0.2446998776749238,0.02910200647878014
full-history,0,177,0.4,0.14042997489306952,0.18775918460215696,0.24923455843498823,0.023806633700388602
full-history,0,178,0.4,0.14503943917508247,0.19278188415215775,0.24182392271463735,0.019385094163595795
full-history,0,179,0.4,0.1387758972524743,0.185426459281904,0.2463392121447763,0.02448675954759949
full-history,0,180,0.4,0.14331346383718405,0.19040594205073252,0.2507744764874518,0.019978695693666282
full-history,0,181,0.4,0.14793330736559077,0.1953464094182127,0.24350086096433296,0.016226627173764996
full-history,0,182,0.4,0.14163091583095885,0.200238946710086,0.2479178445301337,0.013119950616328424
full-history,0,183,0.4,0.14618235092499826,0.1929816636290821,0.2522573581955711,0.016742337734655166
full-history,0,184,0.4,0.15080524653079852,0.1978379926854273,0.24511644798761803,0.013564311533315276
full-history,0,185,0.4,0.14447419529081024,0.2026421168592084,0.24943867482131168,0.0109409915321379
full-history,0,186,0.4,0.14903226359388203,0.19548611461505983,0.2536860193934195,0.014010899085860729
full-history,0,187,0.4,0.15365101755859958,0.20025696290504935,0.2494703087595366,0.01132394104590162
full-history,0,188,0.4,0.14730137562949358,0.20497215299645072,0.25090450310312407,0.00911258808922355
full-history,0,189,0.4,0.15185893751225824,0.2096263645463822,0.25506316130612716,0.007301714060773179
full-history,0,190,0.4,0.15646654459614054,0.20260394334527965,0.2591516908197146,0.009441665164274582
full-history,0,191,0.4,0.1611104334036788,0.2072301546457126,0.2523180242717527,0.007580677441879402
full-history,0,192,0.4,0.15465824769735592,0.2117936804175858,0.2563913682515433,0.006060994889608651
full-history,0,193,0.4,0.15924794634991288,0.21629131344123212,0.26039716429145765,0.00482599489079405
full-history,0,194,0.4,0.1638638146106866,0.209417446270845,0.26433777011205467,0.006299059267831808
full-history,0,195,0.4,0.15742624081962686,0.21389130525481995,0.2576731065898615,0.005025674615154685
full-history,0,196,0.4,0.16199156645000776,0.21829898491916788,0.26159933779516314,0.003993544645680913
full-history,0,197,0.4,0.16657340054640046,0.21153554891609452,0.2654628370135337,0.005228347739020478
full-history,0,198,0.4,0.16015916701707414,0.21592108361416168,0.25891072475931465,0.004162894103686199
full-history,0,199,0.4,0.16469400153328378,0.22024062822466414,0.2627604202570684,0.003301489190775442
full-history,0,200,0.4,0.16923620791303082,0.21358615219435068,0.26654972777048935,0.004335044094588625
rolling-20,20,0,0.05,0.2583333333333333,0.2583333333333333,0.2583333333333333,5.166666666666657
rolling-20,20,1,0.05,0.2583333333333333,0.2583333333333333,0.2583333333333333,4.7310186951545035
rolling-20,20,2,0.05,0.2432078935291418,0.2432078935291418,0.2709080503624571,4.864157870582858
rolling-20,20,3,0.05,0.24320789352914185,0.24320789352914185,0.24320789352914185,4.4895084901014854
rolling-20,20,4,0.05,0.22912513378355545,0.2551212758184331,0.25512127581843314,3.8096561639652435
rolling-20,20,5,0.05,0.22912513378355542,0.22912513378355545,0.2741773528291759,4.260622502929337
rolling-20,20,6,0.05,0.21615196601301034,0.24027580158910944,0.2402758015891095,3.6810793313311905
rolling-20,20,7,0.05,0.21615196601301032,0.21615196601301034,0.2584565881215627,4.046288631700108
rolling-20,20,8,0.05,0.20430368843350336,0.22648324652843219,0.2800036465940024,3.55175383931126
rolling-20,20,9,0.05,0.20430368843350336,0.20430368843350336,0.2436279175133017,3.84758361313483
rolling-20,20,10,0.05,0.21379778168114916,0.2137977816811492,0.26439626212925643,3.424336603058279
rolling-20,20,11,0.05,0.19355484919388027,0.22980868883362077,0.22980868883362082,2.911064567069431
rolling-20,20,12,0.05,0.20222493023458182,0.20222493023458185,0.2495973495430654,3.300932496861506
rolling-20,20,13,0.05,0.18385069932424997,0.21706035829999468,0.27101211342751547,2.8519171893289865
rolling-20,20,14,0.05,0.19173252838912946,0.19173252838912955,0.23573370390790882,3.1830676409856125
rolling-20,20,15,0.05,0.17511772639481615,0.20539628396315837,0.25634596313949504,2.7887412761874515
rolling-20,20,16,0.05,0.18226188118144737,0.1822618811814474,0.22287890918346331,3.071729261030569
rolling-20,20,17,0.05,0.16727243125496477,0.19479189448676829,0.24252789363803587,2.723676155850555
rolling-20,20,18,0.05,0.1737377864336314,0.1737377864336314,0.21105946127861847,2.9674453643220318
rolling-20,20,19,0.05,0.1602280614993118,0.1851953184502842,0.22964168543854516,2.658422229268396
rolling-20,20,20,0.05,0.1660767383620167,0.18317017001884314,0.2493733476118273,2.5914386957642677
rolling-20,20,21,0.05,0.1660767383620167,0.20026360167566953,0.2493733476118273,2.312496628316282
rolling-20,20,22,0.05,0.1660767383620167,0.20026360167566953,0.20026360167566956,2.312496628316282
rolling-20,20,23,0.05,0.1660767383620167,0.16607673836201675,0.20026360167566956,2.8703807632122533
rolling-20,20,24,0.05,0.1660767383620167,0.16607673836201675,0.2493733476118273,2.8703807632122533
rolling-20,20,25,0.05,0.1660767383620167,0.16607673836201675,0.2493733476118273,2.8703807632122533
rolling-20,20,26,0.05,0.1660767383620167,0.16607673836201675,0.20026360167566956,2.8703807632122533
rolling-20,20,27,0.05,0.1660767383620167,0.16607673836201675,0.20026360167566956,2.8703807632122533
rolling-20,20,28,0.05,0.1660767383620167,0.16607673836201675,0.2493733476118273,2.8703807632122533
rolling-20,20,29,0.05,0.1660767383620167,0.16607673836201675,0.20026360167566956,2.8703807632122533
rolling-20,20,30,0.05,0.1660767383620167,0.16607673836201675,0.20026360167566956,2.8703807632122533
rolling-20,20,31,0.05,0.1660767383620167,0.16607673836201675,0.2493733476118273,2.8703807632122533
rolling-20,20,32,0.05,0.1660767383620167,0.18317017001884314,0.2493733476118273,2.5914386957642677
rolling-20,20,33,0.05,0.1660767383620167,0.20026360167566953,0.2493733476118273,2.312496628316282
rolling-20,20,34,0.05,0.1660767383620167,0.20026360167566953,0.20026360167566956,2.312496628316282
rolling-20,20,35,0.05,0.1660767383620167,0.20026360167566953,0.2493733476118273,2.312496628316282
rolling-20,20,36,0.05,0.1660767383620167,0.20026360167566953,0.2493733476118273,2.312496628316282
rolling-20,20,37,0.05,0.1660767383620167,0.20026360167566953,0.2493733476118273,2.312496628316282
rolling-20,20,38,0.05,0.1660767383620167,0.20026360167566953,0.2493733476118273,2.312496628316282
rolling-20,20,39,0.05,0.1660767383620167,0.20026360167566953,0.20026360167566956,2.312496628316282
rolling-20,20,40,0.05,0.1660767383620167,0.20026360167566953,0.2493733476118273,2.312496628316282
rolling-20,20,41,0.05,0.1660767383620167,0.20026360167566953,0.2493733476118273,2.312496628316282
rolling-20,20,42,0.05,0.1660767383620167,0.20026360167566953,0.2493733476118273,2.312496628316282
rolling-20,20,43,0.05,0.1660767383620167,0.20026360167566953,0.2493733476118273,2.312496628316282
rolling-20,20,44,0.05,0.1660767383620167,0.16607673836201675,0.2493733476118273,2.8703807632122533
rolling-20,20,45,0.05,0.1660767383620167,0.20026360167566953,0.2493733476118273,2.312496628316282
rolling-20,20,46,0.05,0.1660767383620167,0.20026360167566953,0.2493733476118273,2.312496628316282
rolling-20,20,47,0.05,0.1660767383620167,0.20026360167566953,0.2493733476118273,2.312496628316282
rolling-20,20,48,0.05,0.1660767383620167,0.16607673836201675,0.20026360167566956,2.8703807632122533
rolling-20,20,49,0.05,0.1660767383620167,0.20026360167566953,0.2493733476118273,2.312496628316282
rolling-20,20,50,0.05,0.1660767383620167,0.20026360167566953,0.2493733476118273,2.312496628316282
rolling-20,20,51,0.05,0.1660767383620167,0.20026360167566953,0.2493733476118273,2.312496628316282
rolling-20,20,52,0.05,0.1660767383620167,0.20026360167566953,0.2493733476118273,2.312496628316282
rolling-20,20,53,0.05,0.1660767383620167,0.20026360167566953,0.2493733476118273,2.312496628316282
rolling-20,20,54,0.05,0.1660767383620167,0.20026360167566953,0.2493733476118273,2.312496628316282
rolling-20,20,55,0.05,0.1660767383620167,0.20026360167566953,0.2493733476118273,2.312496628316282
rolling-20,20,56,0.05,0.1660767383620167,0.16607673836201675,0.2493733476118273,2.8703807632122533
rolling-20,20,57,0.05,0.1660767383620167,0.16607673836201675,0.2493733476118273,2.8703807632122533
rolling-20,20,58,0.05,0.1660767383620167,0.16607673836201675,0.2493733476118273,2.8703807632122533
rolling-20,20,59,0.05,0.1660767383620167,0.20026360167566953,0.2493733476118273,2.312496628316282
rolling-20,20,60,0.05,0.1660767383620167,0.16607673836201675,0.2493733476118273,2.8703807632122533
rolling-20,20,61,0.05,0.1660767383620167,0.16607673836201675,0.2493733476118273,2.8703807632122533
rolling-20,20,62,0.05,0.1660767383620167,0.16607673836201675,0.2493733476118273,2.8703807632122533
rolling-20,20,63,0.05,0.1660767383620167,0.20026360167566953,0.2493733476118273,2.312496628316282
rolling-20,20,64,0.05,0.1660767383620167,0.20026360167566953,0.2493733476118273,2.312496628316282
rolling-20,20,65,0.05,0.1660767383620167,0.20026360167566953,0.2493733476118273,2.312496628316282
rolling-20,20,66,0.05,0.1660767383620167,0.20026360167566953,0.2493733476118273,2.312496628316282
rolling-20,20,67,0.05,0.1660767383620167,0.20026360167566953,0.2493733476118273,2.312496628316282
rolling-20,20,68,0.05,0.1660767383620167,0.20026360167566953,0.2493733476118273,2.312496628316282
rolling-20,20,69,0.05,0.1660767383620167,0.20026360167566953,0.2493733476118273,2.312496628316282
rolling-20,20,70,0.05,0.1660767383620167,0.20026360167566953,0.2493733476118273,2.312496628316282
rolling-20,20,71,0.05,0.1660767383620167,0.20026360167566953,0.2493733476118273,2.312496628316282
rolling-20,20,72,0.05,0.1660767383620167,0.20026360167566953,0.2493733476118273,2.312496628316282
rolling-20,20,73,0.05,0.1660767383620167,0.20026360167566953,0.2493733476118273,2.312496628316282
rolling-20,20,74,0.05,0.1660767383620167,0.20026360167566953,0.2493733476118273,2.312496628316282
rolling-20,20,75,0.05,0.1660767383620167,0.20026360167566953,0.2493733476118273,2.312496628316282
rolling-20,20,76,0.05,0.1660767383620167,0.20026360167566953,0.2493733476118273,2.312496628316282
rolling-20,20,77,0.05,0.1660767383620167,0.20026360167566953,0.2493733476118273,2.312496628316282
rolling-20,20,78,0.05,0.1660767383620167,0.20026360167566953,0.2493733476118273,2.312496628316282
rolling-20,20,79,0.05,0.1660767383620167,0.20026360167566953,0.2493733476118273,2.312496628316282
rolling-20,20,80,0.05,0.1660767383620167,0.20026360167566953,0.2493733476118273,2.312496628316282
rolling-20,20,81,0.05,0.1660767383620167,0.20026360167566953,0.2493733476118273,2.312496628316282
rolling-20,20,82,0.05,0.1660767383620167,0.20026360167566953,0.2493733476118273,2.312496628316282
rolling-20,20,83,0.05,0.1660767383620167,0.18317017001884314,0.2493733476118273,2.5914386957642677
rolling-20,20,84,0.05,0.1660767383620167,0.20026360167566953,0.2493733476118273,2.312496628316282
rolling-20,20,85,0.05,0.1660767383620167,0.20026360167566953,0.2493733476118273,2.312496628316282
rolling-20,20,86,0.05,0.1660767383620167,0.20026360167566953,0.2493733476118273,2.312496628316282
rolling-20,20,87,0.05,0.1660767383620167,0.20026360167566953,0.2493733476118273,2.312496628316282
rolling-20,20,88,0.05,0.1660767383620167,0.20026360167566953,0.2493733476118273,2.312496628316282
rolling-20,20,89,0.05,0.1660767383620167,0.20026360167566953,0.2493733476118273,2.312496628316282
rolling-20,20,90,0.05,0.1660767383620167,0.20026360167566953,0.2493733476118273,2.312496628316282
rolling-20,20,91,0.05,0.1660767383620167,0.20026360167566953,0.2493733476118273,2.312496628316282
rolling-20,20,92,0.05,0.1660767383620167,0.20026360167566953,0.2493733476118273,2.312496628316282
rolling-20,20,93,0.05,0.1660767383620167,0.20026360167566953,0.2493733476118273,2.312496628316282
rolling-20,20,94,0.05,0.1660767383620167,0.20026360167566953,0.2493733476118273,2.312496628316282
rolling-20,20,95,0.05,0.1660767383620167,0.20026360167566953,0.2493733476118273,2.312496628316282
rolling-20,20,96,0.05,0.1660767383620167,0.20026360167566953,0.2493733476118273,2.312496628316282
rolling-20,20,97,0.05,0.1660767383620167,0.16607673836201675,0.2493733476118273,2.8703807632122533
rolling-20,20,98,0.05,0.1660767383620167,0.20026360167566953,0.2493733476118273,2.312496628316282
rolling-20,20,99,0.05,0.1660767383620167,0.16607673836201675,0.2493733476118273,2.8703807632122533
rolling-20,20,100,0.4,0.1660767383620167,0.16607673836201675,0.2493733476118273,2.8703807632122533
rolling-20,20,101,0.4,0.1660767383620167,0.20026360167566953,0.2493733476118273,2.312496628316282
rolling-20,20,102,0.4,0.1660767383620167,0.20026360167566953,0.2493733476118273,2.312496628316282
rolling-20,20,103,0.4,0.1660767383620167,0.20026360167566953,0.2493733476118273,2.312496628316282
rolling-20,20,104,0.4,0.1660767383620167,0.20026360167566953,0.2493733476118273,2.312496628316282
rolling-20,20,105,0.4,0.1660767383620167,0.20026360167566953,0.2493733476118273,2.312496628316282
rolling-20,20,106,0.4,0.1660767383620167,0.20026360167566953,0.24937334761182745,2.312496628316282
rolling-20,20,107,0.4,0.1660767383620167,0.20026360167566953,0.24937334761182745,2.312496628316282
rolling-20,20,108,0.4,0.16607673836201675,0.20026360167566956,0.24937334761182745,2.312496628316268
rolling-20,20,109,0.4,0.16607673836201675,0.20026360167566956,0.24937334761182745,2.312496628316268
rolling-20,20,110,0.4,0.16607673836201675,0.20026360167566956,0.30311048387023026,2.312496628316268
rolling-20,20,111,0.4,0.16607673836201675,0.2493733476118273,0.30311048387023026,1.5872422234831731
rolling-20,20,112,0.4,0.16607673836201675,0.2493733476118273,0.30311048387023026,1.5872422234831731
rolling-20,20,113,0.4,0.20026360167566953,0.2493733476118273,0.3031104838702304,1.5872422234831731
rolling-20,20,114,0.4,0.20026360167566953,0.2493733476118274,0.3031104838702304,1.587242223483166
rolling-20,20,115,0.4,0.20026360167566953,0.24937334761182745,0.3521703941085708,1.587242223483159
rolling-20,20,116,0.4,0.20026360167566953,0.24937334761182745,0.3521703941085708,1.587242223483159
rolling-20,20,117,0.4,0.20026360167566956,0.24937334761182745,0.3521703941085708,1.587242223483159
rolling-20,20,118,0.4,0.20026360167566956,0.30311048387023026,0.3521703941085708,0.9209296690522564
rolling-20,20,119,0.4,0.20026360167566956,0.30311048387023026,0.3521703941085708,0.9209296690522564
rolling-20,20,120,0.4,0.2493733476118273,0.3031104838702304,0.39172614105385345,0.9209296690522564
rolling-20,20,121,0.4,0.2493733476118273,0.3031104838702304,0.39172614105385345,0.9209296690522564
rolling-20,20,122,0.4,0.2493733476118273,0.3031104838702304,0.3521703941085708,0.9209296690522564
rolling-20,20,123,0.4,0.2493733476118273,0.3031104838702304,0.3521703941085708,0.9209296690522564
rolling-20,20,124,0.4,0.2493733476118273,0.3031104838702304,0.3521703941085708,0.9209296690522564
rolling-20,20,125,0.4,0.2493733476118273,0.3031104838702304,0.3521703941085708,0.9209296690522564
rolling-20,20,126,0.4,0.2493733476118273,0.3031104838702304,0.3521703941085708,0.9209296690522564
rolling-20,20,127,0.4,0.2493733476118273,0.3031104838702304,0.3521703941085708,0.9209296690522564
rolling-20,20,128,0.4,0.2493733476118273,0.3031104838702304,0.3521703941085708,0.9209296690522564
rolling-20,20,129,0.4,0.2493733476118273,0.3031104838702304,0.3521703941085708,0.9209296690522564
rolling-20,20,130,0.4,0.2493733476118273,0.3031104838702304,0.3521703941085708,0.9209296690522564
rolling-20,20,131,0.4,0.2493733476118273,0.3031104838702304,0.3521703941085708,0.9209296690522564
rolling-20,20,132,0.4,0.2493733476118273,0.30311048387023026,0.3521703941085708,0.9209296690522564
rolling-20,20,133,0.4,0.2493733476118273,0.3031104838702304,0.3521703941085708,0.9209296690522564
rolling-20,20,134,0.4,0.2493733476118273,0.3031104838702304,0.3521703941085708,0.9209296690522564
rolling-20,20,135,0.4,0.2493733476118273,0.30311048387023026,0.3521703941085708,0.9209296690522564
rolling-20,20,136,0.4,0.2493733476118273,0.30311048387023026,0.3521703941085708,0.9209296690522564
rolling-20,20,137,0.4,0.23709591112778788,0.3031104838702304,0.3521703941085708,0.9209296690522564
rolling-20,20,138,0.4,0.20026360167566956,0.30311048387023026,0.3521703941085708,0.9209296690522564
rolling-20,20,139,0.4,0.2493733476118273,0.30311048387023026,0.3521703941085708,0.9209296690522564
rolling-20,20,140,0.4,0.2493733476118273,0.30311048387023026,0.3521703941085708,0.9209296690522564
rolling-20,20,141,0.4,0.23709591112778788,0.30311048387023026,0.3521703941085708,0.9209296690522564
rolling-20,20,142,0.4,0.2493733476118273,0.30311048387023026,0.3521703941085708,0.9209296690522564
rolling-20,20,143,0.4,0.2493733476118273,0.30311048387023026,0.3521703941085708,0.9209296690522564
rolling-20,20,144,0.4,0.2493733476118273,0.30311048387023026,0.3521703941085708,0.9209296690522564
rolling-20,20,145,0.4,0.2493733476118273,0.30311048387023026,0.3521703941085708,0.9209296690522564
rolling-20,20,146,0.4,0.2493733476118273,0.30311048387023026,0.3521703941085708,0.9209296690522564
rolling-20,20,147,0.4,0.2493733476118273,0.30311048387023026,0.3521703941085708,0.9209296690522564
rolling-20,20,148,0.4,0.2493733476118273,0.3031104838702304,0.3521703941085708,0.9209296690522564
rolling-20,20,149,0.4,0.2493733476118273,0.3031104838702303,0.3521703941085708,0.9209296690522564
rolling-20,20,150,0.4,0.20026360167566956,0.30311048387023026,0.3521703941085708,0.9209296690522564
rolling-20,20,151,0.4,0.2493733476118273,0.30311048387023026,0.3521703941085708,0.9209296690522564
rolling-20,20,152,0.4,0.20026360167566956,0.30311048387023026,0.3521703941085708,0.9209296690522564
rolling-20,20,153,0.4,0.20026360167566956,0.30311048387023026,0.3521703941085708,0.9209296690522564
rolling-20,20,154,0.4,0.2493733476118273,0.30311048387023026,0.3521703941085708,0.9209296690522564
rolling-20,20,155,0.4,0.2493733476118273,0.30311048387023026,0.3521703941085708,0.9209296690522564
rolling-20,20,156,0.4,0.2493733476118273,0.3031104838702304,0.3521703941085708,0.9209296690522564
rolling-20,20,157,0.4,0.2493733476118273,0.3031104838702304,0.3521703941085708,0.9209296690522564
rolling-20,20,158,0.4,0.2493733476118273,0.3031104838702304,0.39172614105385345,0.9209296690522564
rolling-20,20,159,0.4,0.2493733476118273,0.3031104838702304,0.39172614105385345,0.9209296690522564
rolling-20,20,160,0.4,0.2493733476118273,0.3031104838702304,0.3521703941085708,0.9209296690522564
rolling-20,20,161,0.4,0.2493733476118273,0.3031104838702304,0.3521703941085708,0.9209296690522564
rolling-20,20,162,0.4,0.2493733476118273,0.3031104838702304,0.3521703941085708,0.9209296690522564
rolling-20,20,163,0.4,0.2493733476118273,0.3031104838702304,0.39172614105385345,0.9209296690522564
rolling-20,20,164,0.4,0.2493733476118273,0.3031104838702304,0.3521703941085708,0.9209296690522564
rolling-20,20,165,0.4,0.2493733476118273,0.3031104838702304,0.3521703941085708,0.9209296690522564
rolling-20,20,166,0.4,0.2493733476118273,0.3031104838702303,0.3521703941085708,0.9209296690522564
rolling-20,20,167,0.4,0.2493733476118273,0.30311048387023026,0.3521703941085708,0.9209296690522564
rolling-20,20,168,0.4,0.2493733476118273,0.3031104838702304,0.3521703941085708,0.9209296690522564
rolling-20,20,169,0.4,0.2493733476118273,0.30311048387023026,0.3521703941085708,0.9209296690522564
rolling-20,20,170,0.4,0.2493733476118273,0.3031104838702304,0.3521703941085708,0.9209296690522564
rolling-20,20,171,0.4,0.2493733476118273,0.3031104838702304,0.3521703941085708,0.9209296690522564
rolling-20,20,172,0.4,0.2493733476118273,0.3031104838702304,0.3521703941085708,0.9209296690522564
rolling-20,20,173,0.4,0.2493733476118273,0.3031104838702304,0.3521703941085708,0.9209296690522564
rolling-20,20,174,0.4,0.2493733476118273,0.3031104838702304,0.3521703941085708,0.9209296690522564
rolling-20,20,175,0.4,0.2493733476118273,0.3031104838702304,0.3521703941085708,0.9209296690522564
rolling-20,20,176,0.4,0.2493733476118273,0.3031104838702304,0.3521703941085708,0.9209296690522564
rolling-20,20,177,0.4,0.2493733476118273,0.3031104838702304,0.3521703941085708,0.9209296690522564
rolling-20,20,178,0.4,0.2493733476118273,0.3031104838702304,0.3521703941085708,0.9209296690522564
rolling-20,20,179,0.4,0.2493733476118273,0.3031104838702304,0.3521703941085708,0.9209296690522564
rolling-20,20,180,0.4,0.2493733476118273,0.3031104838702304,0.3521703941085708,0.9209296690522564
rolling-20,20,181,0.4,0.2493733476118273,0.3031104838702304,0.3521703941085708,0.9209296690522564
rolling-20,20,182,0.4,0.2493733476118273,0.30311048387023026,0.3521703941085708,0.9209296690522564
rolling-20,20,183,0.4,0.2493733476118273,0.3031104838702304,0.3521703941085708,0.9209296690522564
rolling-20,20,184,0.4,0.2493733476118273,0.3031104838702304,0.3521703941085708,0.9209296690522564
rolling-20,20,185,0.4,0.2493733476118273,0.3031104838702304,0.3521703941085708,0.9209296690522564
rolling-20,20,186,0.4,0.2493733476118273,0.3031104838702304,0.39172614105385345,0.9209296690522564
rolling-20,20,187,0.4,0.2493733476118273,0.3031104838702304,0.3620593308448915,0.9209296690522564
rolling-20,20,188,0.4,0.2493733476118273,0.3031104838702304,0.3521703941085708,0.9209296690522564
rolling-20,20,189,0.4,0.2493733476118273,0.3031104838702304,0.3521703941085708,0.9209296690522564
rolling-20,20,190,0.4,0.2493733476118273,0.3031104838702304,0.3521703941085708,0.9209296690522564
rolling-20,20,191,0.4,0.2493733476118273,0.3031104838702304,0.3521703941085708,0.9209296690522564
rolling-20,20,192,0.4,0.2493733476118273,0.3031104838702304,0.3521703941085708,0.9209296690522564
rolling-20,20,193,0.4,0.2493733476118273,0.3031104838702304,0.3521703941085708,0.9209296690522564
rolling-20,20,194,0.4,0.2493733476118273,0.3031104838702304,0.3521703941085708,0.9209296690522564
rolling-20,20,195,0.4,0.2493733476118273,0.3031104838702304,0.3620593308448915,0.9209296690522564
rolling-20,20,196,0.4,0.2493733476118273,0.3031104838702304,0.3620593308448915,0.9209296690522564
rolling-20,20,197,0.4,0.2493733476118273,0.3031104838702304,0.3521703941085708,0.9209296690522564
rolling-20,20,198,0.4,0.2493733476118273,0.3031104838702304,0.3521703941085708,0.9209296690522564
rolling-20,20,199,0.4,0.2493733476118273,0.3031104838702304,0.39172614105385345,0.9209296690522564
rolling-20,20,200,0.4,0.2493733476118273,0.3031104838702304,0.3620593308448915,0.9209296690522564
rolling-50,50,0,0.05,0.2583333333333333,0.2583333333333333,0.2583333333333333,5.166666666666657
rolling-50,50,1,0.05,0.2583333333333333,0.2583333333333333,0.2583333333333333,4.7310186951545035
rolling-50,50,2,0.05,0.2432078935291418,0.2432078935291418,0.2709080503624571,4.864157870582858
rolling-50,50,3,0.05,0.24320789352914185,0.24320789352914185,0.24320789352914185,4.4895084901014854
rolling-50,50,4,0.05,0.22912513378355545,0.2551212758184331,0.25512127581843314,3.8096561639652435
rolling-50,50,5,0.05,0.22912513378355542,0.22912513378355545,0.2741773528291759,4.260622502929337
rolling-50,50,6,0.05,0.21615196601301034,0.24027580158910944,0.2402758015891095,3.6810793313311905
rolling-50,50,7,0.05,0.21615196601301032,0.21615196601301034,0.2584565881215627,4.046288631700108
rolling-50,50,8,0.05,0.20430368843350336,0.22648324652843219,0.2800036465940024,3.55175383931126
rolling-50,50,9,0.05,0.20430368843350336,0.20430368843350336,0.2436279175133017,3.84758361313483
rolling-50,50,10,0.05,0.21379778168114916,0.2137977816811492,0.26439626212925643,3.424336603058279
rolling-50,50,11,0.05,0.19355484919388027,0.22980868883362077,0.22980868883362082,2.911064567069431
rolling-50,50,12,0.05,0.20222493023458182,0.20222493023458185,0.2495973495430654,3.300932496861506
rolling-50,50,13,0.05,0.18385069932424997,0.21706035829999468,0.27101211342751547,2.8519171893289865
rolling-50,50,14,0.05,0.19173252838912946,0.19173252838912955,0.23573370390790882,3.1830676409856125
rolling-50,50,15,0.05,0.17511772639481615,0.20539628396315837,0.25634596313949504,2.7887412761874515
rolling-50,50,16,0.05,0.18226188118144737,0.1822618811814474,0.22287890918346331,3.071729261030569
rolling-50,50,17,0.05,0.16727243125496477,0.19479189448676829,0.24252789363803587,2.723676155850555
rolling-50,50,18,0.05,0.1737377864336314,0.1737377864336314,0.21105946127861847,2.9674453643220318
rolling-50,50,19,0.05,0.1602280614993118,0.1851953184502842,0.22964168543854516,2.658422229268396
rolling-50,50,20,0.05,0.1660767383620167,0.18317017001884314,0.2493733476118273,2.5914386957642677
rolling-50,50,21,0.05,0.15389938626792474,0.17653713074167285,0.21772626727814465,2.594254567138279
rolling-50,50,22,0.05,0.15919312371198616,0.19045104242292532,0.23655381954690813,2.2807742913001476
rolling-50,50,23,0.05,0.14820579762535752,0.16873847429095545,0.20678301174138625,2.5320710967807116
rolling-50,50,24,0.05,0.15300354698971066,0.1815622211904898,0.22463291927113013,2.2466731425027007
rolling-50,50,25,0.05,0.14307309649354258,0.16171730651933214,0.1967842831415378,2.472456851446566
rolling-50,50,26,0.05,0.14742958674538542,0.1735262623364072,0.21362313575515554,2.211345965673445
rolling-50,50,27,0.05,0.13843431361352504,0.15539284998862896,0.18768192271845222,2.415751021989564
rolling-50,50,28,0.05,0.14239933585963904,0.1662672903464146,0.20350842367114177,2.1756672326292232
rolling-50,50,29,0.05,0.13422986747448268,0.14968850580678658,0.17941480682292443,2.3621087274304813
rolling-50,50,30,0.05,0.13784806060704075,0.15970908004377007,0.19425175764911007,2.1402750715433854
rolling-50,50,31,0.05,0.1304072983356698,0.14453355394787873,0.2102475761527277,2.3115535415483066
rolling-50,50,32,0.05,0.13371826150892027,0.15377822836459515,0.18580209060924616,2.105615964651136
rolling-50,50,33,0.05,0.1269207559445851,0.13986395872953356,0.2009049529114325,2.2640196328105873
rolling-50,50,34,0.05,0.12995935717986865,0.14840612198164918,0.17810023527269148,2.0719867246462087
rolling-50,50,35,0.05,0.12373036575355724,0.1356225548157117,0.19233335957113712,2.21938404573676
rolling-50,50,36,0.05,0.12652715376997425,0.14352998973722217,0.17108349160419112,2.0395709838795852
rolling-50,50,37,0.05,0.12080155670029907,0.15332913378724783,0.184482175215623,1.8392981275772087
rolling-50,50,38,0.05,0.1233832132185926,0.139093301198272,0.16468905231163242,2.0084692572021225
rolling-50,50,39,0.05,0.11810440253927115,0.14822246608936002,0.17729616585633148,1.819236313962307
rolling-50,50,40,0.05,0.12049419496596499,0.1350457265298597,0.19085277741428644,1.9787227357907113
rolling-50,50,41,0.05,0.1156130066691107,0.14356415857694377,0.1707188205424792,1.7993803711733563
rolling-50,50,42,0.05,0.11783121730478593,0.13134282330640304,0.1835458300574693,1.9503315306081532
rolling-50,50,43,0.05,0.11330494545073143,0.13930484640155524,0.16469472455097542,1.7798823760598168
rolling-50,50,44,0.05,0.11536926451591994,0.12794557087198016,0.1768283014998761,1.9232682957789393
rolling-50,50,45,0.05,0.11927555126304311,0.13540057667204378,0.15917112749008516,1.760845075975908
rolling-50,50,46,0.05,0.11308665243552664,0.12481983574856259,0.17065013284907035,1.8974881694755794
rolling-50,50,47,0.05,0.11673926557977007,0.13181247152271905,0.15409887953150667,1.742334579759813
rolling-50,50,48,0.05,0.11096455642517059,0.12193582293676086,0.1649630310665491,1.8729358736464263
rolling-50,50,49,0.05,0.11438737541669747,0.12850629428928265,0.1765935209616367,1.7243901564290525
rolling-50,50,50,0.05,0.10898660044931106,0.11926754692531664,0.15972148113686316,1.8495506773049186
rolling-50,50,51,0.05,0.10898660044931106,0.11926754692531664,0.15972148113686316,1.8495506773049186
rolling-50,50,52,0.05,0.10898660044931106,0.11926754692531664,0.15972148113686316,1.8495506773049186
rolling-50,50,53,0.05,0.10898660044931106,0.11926754692531664,0.15972148113686316,1.8495506773049186
rolling-50,50,54,0.05,0.10898660044931106,0.11926754692531664,0.15972148113686316,1.8495506773049186
rolling-50,50,55,0.05,0.10898660044931106,0.1277787339681059,0.15972148113686316,1.7066874036933157
rolling-50,50,56,0.05,0.10898660044931106,0.11926754692531664,0.15972148113686316,1.8495506773049186
rolling-50,50,57,0.05,0.10898660044931106,0.11926754692531664,0.15972148113686316,1.8495506773049186
rolling-50,50,58,0.05,0.10898660044931106,0.13628992101089515,0.15972148113686316,1.5638241300817128
rolling-50,50,59,0.05,0.10898660044931106,0.11926754692531664,0.15972148113686316,1.8495506773049186
rolling-50,50,60,0.05,0.10898660044931106,0.11926754692531664,0.15972148113686316,1.8495506773049186
rolling-50,50,61,0.05,0.10898660044931106,0.13628992101089515,0.15972148113686316,1.5638241300817128
rolling-50,50,62,0.05,0.10898660044931106,0.13628992101089515,0.15972148113686316,1.5638241300817128
rolling-50,50,63,0.05,0.10898660044931106,0.11926754692531664,0.15972148113686316,1.8495506773049186
rolling-50,50,64,0.05,0.10898660044931106,0.13628992101089515,0.15972148113686316,1.5638241300817128
rolling-50,50,65,0.05,0.10898660044931106,0.13628992101089515,0.15972148113686316,1.5638241300817128
rolling-50,50,66,0.05,0.10898660044931106,0.13628992101089515,0.15972148113686316,1.5638241300817128
rolling-50,50,67,0.05,0.10898660044931106,0.13628992101089515,0.15972148113686316,1.5638241300817128
rolling-50,50,68,0.05,0.10898660044931106,0.13628992101089515,0.15972148113686316,1.5638241300817128
rolling-50,50,69,0.05,0.10898660044931106,0.13628992101089515,0.15972148113686316,1.5638241300817128
rolling-50,50,70,0.05,0.10898660044931106,0.13628992101089515,0.15972148113686316,1.5638241300817128
rolling-50,50,71,0.05,0.10898660044931106,0.13628992101089515,0.15972148113686316,1.5638241300817128
rolling-50,50,72,0.05,0.10898660044931106,0.13628992101089515,0.18881441115271286,1.5638241300817128
rolling-50,50,73,0.05,0.10898660044931106,0.13628992101089515,0.18881441115271286,1.5638241300817128
rolling-50,50,74,0.05,0.10898660044931106,0.13628992101089515,0.18881441115271286,1.5638241300817128
rolling-50,50,75,0.05,0.10898660044931106,0.13628992101089515,0.15972148113686316,1.5638241300817128
rolling-50,50,76,0.05,0.10898660044931106,0.13628992101089515,0.15972148113686316,1.5638241300817128
rolling-50,50,77,0.05,0.10898660044931106,0.13628992101089515,0.18881441115271286,1.5638241300817128
rolling-50,50,78,0.05,0.10898660044931106,0.13628992101089515,0.18881441115271286,1.5638241300817128
rolling-50,50,79,0.05,0.10898660044931106,0.13628992101089515,0.18881441115271286,1.5638241300817128
rolling-50,50,80,0.05,0.10898660044931106,0.11926754692531664,0.18881441115271286,1.8495506773049186
rolling-50,50,81,0.05,0.10898660044931106,0.13628992101089515,0.18881441115271286,1.5638241300817128
rolling-50,50,82,0.05,0.10898660044931106,0.13628992101089515,0.15972148113686316,1.5638241300817128
rolling-50,50,83,0.05,0.10898660044931106,0.13628992101089515,0.15972148113686316,1.5638241300817128
rolling-50,50,84,0.05,0.10898660044931106,0.11926754692531664,0.15972148113686316,1.8495506773049186
rolling-50,50,85,0.05,0.10898660044931106,0.13628992101089515,0.15972148113686316,1.5638241300817128
rolling-50,50,86,0.05,0.10898660044931106,0.13628992101089515,0.15972148113686316,1.5638241300817128
rolling-50,50,87,0.05,0.10898660044931106,0.13628992101089515,0.15972148113686316,1.5638241300817128
rolling-50,50,88,0.05,0.10898660044931106,0.13628992101089515,0.15972148113686316,1.5638241300817128
rolling-50,50,89,0.05,0.10898660044931106,0.13628992101089515,0.15972148113686316,1.5638241300817128
rolling-50,50,90,0.05,0.10898660044931106,0.13628992101089515,0.15972148113686316,1.5638241300817128
rolling-50,50,91,0.05,0.10898660044931106,0.13628992101089515,0.15972148113686316,1.5638241300817128
rolling-50,50,92,0.05,0.10898660044931106,0.13628992101089515,0.15972148113686316,1.5638241300817128
rolling-50,50,93,0.05,0.10898660044931106,0.13628992101089515,0.15972148113686316,1.5638241300817128
rolling-50,50,94,0.05,0.10898660044931106,0.13628992101089515,0.15972148113686316,1.5638241300817128
rolling-50,50,95,0.05,0.10898660044931106,0.13628992101089515,0.18881441115271286,1.5638241300817128
rolling-50,50,96,0.05,0.10898660044931106,0.13628992101089515,0.18881441115271286,1.5638241300817128
rolling-50,50,97,0.05,0.10898660044931106,0.13628992101089515,0.18881441115271286,1.5638241300817128
rolling-50,50,98,0.05,0.10898660044931106,0.11926754692531664,0.18881441115271286,1.8495506773049186
rolling-50,50,99,0.05,0.10898660044931106,0.11926754692531664,0.15972148113686316,1.8495506773049186
rolling-50,50,100,0.4,0.10898660044931106,0.11926754692531664,0.15972148113686316,1.8495506773049186
rolling-50,50,101,0.4,0.10898660044931106,0.11926754692531664,0.15972148113686316,1.8495506773049186
rolling-50,50,102,0.4,0.10898660044931106,0.13628992101089515,0.15972148113686316,1.5638241300817128
rolling-50,50,103,0.4,0.10898660044931106,0.13628992101089515,0.18881441115271286,1.5638241300817128
rolling-50,50,104,0.4,0.10898660044931106,0.13628992101089515,0.18881441115271286,1.5638241300817128
rolling-50,50,105,0.4,0.10898660044931106,0.13628992101089515,0.18881441115271286,1.5638241300817128
rolling-50,50,106,0.4,0.10898660044931106,0.13628992101089515,0.18881441115271286,1.5638241300817128
rolling-50,50,107,0.4,0.10898660044931106,0.13628992101089515,0.18881441115271286,1.5638241300817128
rolling-50,50,108,0.4,0.1192675469253166,0.13628992101089515,0.18881441115271286,1.5638241300817128
rolling-50,50,109,0.4,0.1192675469253166,0.13628992101089515,0.18881441115271286,1.5638241300817128
rolling-50,50,110,0.4,0.1192675469253166,0.13628992101089515,0.18881441115271286,1.5638241300817128
rolling-50,50,111,0.4,0.1192675469253166,0.13628992101089515,0.18881441115271286,1.5638241300817128
rolling-50,50,112,0.4,0.1192675469253166,0.13628992101089515,0.22225945517335044,1.5638241300817128
rolling-50,50,113,0.4,0.1192675469253166,0.15972148113686316,0.22225945517335044,1.2302478734317077
rolling-50,50,114,0.4,0.1192675469253166,0.15972148113686316,0.22225945517335077,1.2302478734317077
rolling-50,50,115,0.4,0.1192675469253166,0.15972148113686316,0.22225945517335077,1.2302478734317077
rolling-50,50,116,0.4,0.11926754692531664,0.15972148113686316,0.22225945517335077,1.2302478734316793
rolling-50,50,117,0.4,0.11926754692531664,0.15972148113686316,0.25820961964141026,1.2302478734316793
rolling-50,50,118,0.4,0.11926754692531664,0.15972148113686316,0.25820961964141026,1.2302478734316793
rolling-50,50,119,0.4,0.11926754692531664,0.18881441115271286,0.25820961964141026,0.8958173855383649
rolling-50,50,120,0.4,0.13628992101089515,0.18881441115271286,0.25820961964141037,0.8958173855383649
rolling-50,50,121,0.4,0.13628992101089515,0.18881441115271286,0.25820961964141037,0.8958173855383649
rolling-50,50,122,0.4,0.13628992101089515,0.18881441115271286,0.25820961964141037,0.8958173855383649
rolling-50,50,123,0.4,0.13628992101089515,0.18881441115271286,0.25820961964141037,0.8958173855383365
rolling-50,50,124,0.4,0.13628992101089515,0.18881441115271286,0.2945368129681107,0.8958173855383365
rolling-50,50,125,0.4,0.13628992101089515,0.22225945517335044,0.2945368129681107,0.6001312783740218
rolling-50,50,126,0.4,0.13628992101089515,0.22225945517335044,0.2945368129681107,0.6001312783740218
rolling-50,50,127,0.4,0.15972148113686316,0.22225945517335044,0.2945368129681107,0.6001312783740218
rolling-50,50,128,0.4,0.15972148113686316,0.22225945517335044,0.2945368129681107,0.6001312783740218
rolling-50,50,129,0.4,0.15972148113686316,0.22225945517335077,0.3292351798736841,0.6001312783739934
rolling-50,50,130,0.4,0.15972148113686316,0.22225945517335077,0.3292351798736841,0.6001312783739934
rolling-50,50,131,0.4,0.15972148113686316,0.25820961964141026,0.3292351798736843,0.3678799230631711
rolling-50,50,132,0.4,0.15972148113686316,0.25820961964141026,0.3292351798736843,0.3678799230631711
rolling-50,50,133,0.4,0.18881441115271286,0.2582096196414103,0.3292351798736843,0.36787992306315687
rolling-50,50,134,0.4,0.18881441115271286,0.25820961964141037,0.36077818946240453,0.36787992306314266
rolling-50,50,135,0.4,0.18881441115271286,0.25820961964141037,0.36077818946240453,0.36787992306314266
rolling-50,50,136,0.4,0.18881441115271286,0.25820961964141037,0.36077818946240453,0.36787992306314266
rolling-50,50,137,0.4,0.18881441115271286,0.2945368129681107,0.36077818946240453,0.20568983828461285
rolling-50,50,138,0.4,0.18881441115271286,0.2945368129681107,0.36077818946240453,0.20568983828461285
rolling-50,50,139,0.4,0.22225945517335044,0.2945368129681107,0.36077818946240453,0.2056898382845418
rolling-50,50,140,0.4,0.22225945517335044,0.2945368129681107,0.36077818946240453,0.2056898382845418
rolling-50,50,141,0.4,0.22225945517335077,0.2945368129681107,0.36077818946240453,0.2056898382845418
rolling-50,50,142,0.4,0.22225945517335077,0.2945368129681107,0.3882818421900298,0.2056898382845418
rolling-50,50,143,0.4,0.22225945517335077,0.2945368129681107,0.3882818421900298,0.2056898382845418
rolling-50,50,144,0.4,0.25820961964141026,0.3292351798736841,0.3882818421900298,0.10492951805008488
rolling-50,50,145,0.4,0.25820961964141026,0.3292351798736841,0.38828184219002987,0.10492951805008488
rolling-50,50,146,0.4,0.25820961964141026,0.3292351798736843,0.3940775812506024,0.10492951805007067
rolling-50,50,147,0.4,0.25820961964141037,0.3292351798736843,0.41146479843232,0.10492951805007067
rolling-50,50,148,0.4,0.25820961964141037,0.36077818946240453,0.41146479843232,0.04903998148337507
rolling-50,50,149,0.4,0.2945368129681107,0.36077818946240453,0.41146479843232,0.04903998148337507
rolling-50,50,150,0.4,0.2945368129681107,0.36077818946240453,0.41146479843232003,0.04903998148337507
rolling-50,50,151,0.4,0.2945368129681107,0.36077818946240453,0.41146479843232003,0.04903998148337507
rolling-50,50,152,0.4,0.2945368129681107,0.36077818946240453,0.41146479843232,0.04903998148337507
rolling-50,50,153,0.4,0.2945368129681107,0.36077818946240453,0.41146479843232,0.04903998148337507
rolling-50,50,154,0.4,0.2945368129681107,0.36077818946240453,0.41146479843232,0.04903998148337507
rolling-50,50,155,0.4,0.2945368129681107,0.36077818946240453,0.41146479843232,0.04903998148337507
rolling-50,50,156,0.4,0.2945368129681107,0.36077818946240453,0.41146479843232,0.04903998148336086
rolling-50,50,157,0.4,0.2945368129681107,0.36077818946240453,0.41146479843232,0.04903998148334665
rolling-50,50,158,0.4,0.2945368129681107,0.36077818946240453,0.41146479843232,0.04903998148334665
rolling-50,50,159,0.4,0.2945368129681107,0.36077818946240453,0.41146479843232003,0.04903998148337507
rolling-50,50,160,0.4,0.2945368129681107,0.36077818946240453,0.41146479843232003,0.04903998148337507
rolling-50,50,161,0.4,0.2945368129681107,0.36077818946240453,0.41146479843232003,0.04903998148337507
rolling-50,50,162,0.4,0.2945368129681107,0.36077818946240453,0.41146479843232003,0.04903998148337507
rolling-50,50,163,0.4,0.2945368129681107,0.36077818946240453,0.41146479843232003,0.04903998148337507
rolling-50,50,164,0.4,0.2945368129681107,0.36077818946240453,0.41146479843232003,0.04903998148337507
rolling-50,50,165,0.4,0.2945368129681107,0.36077818946240453,0.41146479843232003,0.04903998148337507
rolling-50,50,166,0.4,0.2945368129681107,0.36077818946240453,0.41146479843232003,0.04903998148337507
rolling-50,50,167,0.4,0.2945368129681107,0.36077818946240453,0.41146479843232003,0.04903998148337507
rolling-50,50,168,0.4,0.2945368129681107,0.36077818946240453,0.41146479843232003,0.04903998148337507
rolling-50,50,169,0.4,0.2945368129681107,0.36077818946240453,0.41146479843232003,0.04903998148337507
rolling-50,50,170,0.4,0.2945368129681107,0.36077818946240453,0.41146479843232,0.04903998148337507
rolling-50,50,171,0.4,0.2945368129681107,0.36077818946240453,0.41146479843232,0.04903998148337507
rolling-50,50,172,0.4,0.2945368129681107,0.36077818946240453,0.41146479843232,0.04903998148337507
rolling-50,50,173,0.4,0.2945368129681107,0.36077818946240453,0.41146479843232,0.04903998148337507
rolling-50,50,174,0.4,0.2945368129681107,0.36077818946240453,0.41146479843232003,0.04903998148337507
rolling-50,50,175,0.4,0.2945368129681107,0.36077818946240453,0.41146479843232003,0.04903998148337507
rolling-50,50,176,0.4,0.2945368129681107,0.36077818946240453,0.41146479843232003,0.04903998148337507
rolling-50,50,177,0.4,0.2945368129681107,0.36077818946240453,0.41146479843232003,0.04903998148337507
rolling-50,50,178,0.4,0.2945368129681107,0.36077818946240453,0.41146479843232003,0.04903998148337507
rolling-50,50,179,0.4,0.2945368129681107,0.36077818946240453,0.41146479843232003,0.04903998148337507
rolling-50,50,180,0.4,0.2945368129681107,0.36077818946240453,0.41146479843232003,0.04903998148337507
rolling-50,50,181,0.4,0.2945368129681107,0.36077818946240453,0.41146479843232003,0.04903998148337507
rolling-50,50,182,0.4,0.2945368129681107,0.36077818946240453,0.41146479843232003,0.04903998148337507
rolling-50,50,183,0.4,0.2945368129681107,0.36077818946240453,0.41146479843232003,0.04903998148336086
rolling-50,50,184,0.4,0.2945368129681107,0.36077818946240453,0.41146479843232003,0.04903998148334665
rolling-50,50,185,0.4,0.2945368129681107,0.36077818946240453,0.41146479843232003,0.04903998148334665
rolling-50,50,186,0.4,0.2945368129681107,0.36077818946240453,0.41146479843232003,0.04903998148334665
rolling-50,50,187,0.4,0.2945368129681107,0.36077818946240453,0.41146479843232003,0.04903998148334665
rolling-50,50,188,0.4,0.2945368129681107,0.36077818946240453,0.41146479843232003,0.04903998148334665
rolling-50,50,189,0.4,0.2945368129681107,0.36077818946240453,0.41146479843232003,0.04903998148334665
rolling-50,50,190,0.4,0.2945368129681107,0.36077818946240453,0.41146479843232003,0.04903998148334665
rolling-50,50,191,0.4,0.2945368129681107,0.36077818946240453,0.41146479843232003,0.04903998148334665
rolling-50,50,192,0.4,0.2945368129681107,0.36077818946240453,0.41146479843232003,0.04903998148334665
rolling-50,50,193,0.4,0.2945368129681107,0.36077818946240453,0.41146479843232003,0.04903998148334665
rolling-50,50,194,0.4,0.2945368129681107,0.36077818946240453,0.41146479843232003,0.04903998148334665
rolling-50,50,195,0.4,0.2945368129681107,0.36077818946240453,0.41146479843232003,0.04903998148334665
rolling-50,50,196,0.4,0.2945368129681107,0.36077818946240453,0.41146479843232003,0.04903998148334665
rolling-50,50,197,0.4,0.2945368129681107,0.36077818946240453,0.41146479843232003,0.04903998148334665
rolling-50,50,198,0.4,0.2945368129681107,0.36077818946240453,0.41146479843232003,0.04903998148334665
rolling-50,50,199,0.4,0.2945368129681107,0.36077818946240453,0.41146479843232003,0.04903998148334665
rolling-50,50,200,0.4,0.2945368129681107,0.36077818946240453,0.41146479843232003,0.04903998148334665
rolling-100,100,0,0.05,0.2583333333333333,0.2583333333333333,0.2583333333333333,5.166666666666657
rolling-100,100,1,0.05,0.2583333333333333,0.2583333333333333,0.2583333333333333,4.7310186951545035
rolling-100,100,2,0.05,0.2432078935291418,0.2432078935291418,0.2709080503624571,4.864157870582858
rolling-100,100,3,0.05,0.24320789352914185,0.24320789352914185,0.24320789352914185,4.4895084901014854
rolling-100,100,4,0.05,0.22912513378355545,0.2551212758184331,0.25512127581843314,3.8096561639652435
rolling-100,100,5,0.05,0.22912513378355542,0.22912513378355545,0.2741773528291759,4.260622502929337
rolling-100,100,6,0.05,0.21615196601301034,0.24027580158910944,0.2402758015891095,3.6810793313311905
rolling-100,100,7,0.05,0.21615196601301032,0.21615196601301034,0.2584565881215627,4.046288631700108
rolling-100,100,8,0.05,0.20430368843350336,0.22648324652843219,0.2800036465940024,3.55175383931126
rolling-100,100,9,0.05,0.20430368843350336,0.20430368843350336,0.2436279175133017,3.84758361313483
rolling-100,100,10,0.05,0.21379778168114916,0.2137977816811492,0.26439626212925643,3.424336603058279
rolling-100,100,11,0.05,0.19355484919388027,0.22980868883362077,0.22980868883362082,2.911064567069431
rolling-100,100,12,0.05,0.20222493023458182,0.20222493023458185,0.2495973495430654,3.300932496861506
rolling-100,100,13,0.05,0.18385069932424997,0.21706035829999468,0.27101211342751547,2.8519171893289865
rolling-100,100,14,0.05,0.19173252838912946,0.19173252838912955,0.23573370390790882,3.1830676409856125
rolling-100,100,15,0.05,0.17511772639481615,0.20539628396315837,0.25634596313949504,2.7887412761874515
rolling-100,100,16,0.05,0.18226188118144737,0.1822618811814474,0.22287890918346331,3.071729261030569
rolling-100,100,17,0.05,0.16727243125496477,0.19479189448676829,0.24252789363803587,2.723676155850555
rolling-100,100,18,0.05,0.1737377864336314,0.1737377864336314,0.21105946127861847,2.9674453643220318
rolling-100,100,19,0.05,0.1602280614993118,0.1851953184502842,0.22964168543854516,2.658422229268396
rolling-100,100,20,0.05,0.1660767383620167,0.18317017001884314,0.2493733476118273,2.5914386957642677
rolling-100,100,21,0.05,0.15389938626792474,0.17653713074167285,0.21772626727814465,2.594254567138279
rolling-100,100,22,0.05,0.15919312371198616,0.19045104242292532,0.23655381954690813,2.2807742913001476
rolling-100,100,23,0.05,0.14820579762535752,0.16873847429095545,0.20678301174138625,2.5320710967807116
rolling-100,100,24,0.05,0.15300354698971066,0.1815622211904898,0.22463291927113013,2.2466731425027007
rolling-100,100,25,0.05,0.14307309649354258,0.16171730651933214,0.1967842831415378,2.472456851446566
rolling-100,100,26,0.05,0.14742958674538542,0.1735262623364072,0.21362313575515554,2.211345965673445
rolling-100,100,27,0.05,0.13843431361352504,0.15539284998862896,0.18768192271845222,2.415751021989564
rolling-100,100,28,0.05,0.14239933585963904,0.1662672903464146,0.20350842367114177,2.1756672326292232
rolling-100,100,29,0.05,0.13422986747448268,0.14968850580678658,0.17941480682292443,2.3621087274304813
rolling-100,100,30,0.05,0.13784806060704075,0.15970908004377007,0.19425175764911007,2.1402750715433854
rolling-100,100,31,0.05,0.1304072983356698,0.14453355394787873,0.2102475761527277,2.3115535415483066
rolling-100,100,32,0.05,0.13371826150892027,0.15377822836459515,0.18580209060924616,2.105615964651136
rolling-100,100,33,0.05,0.1269207559445851,0.13986395872953356,0.2009049529114325,2.2640196328105873
rolling-100,100,34,0.05,0.12995935717986865,0.14840612198164918,0.17810023527269148,2.0719867246462087
rolling-100,100,35,0.05,0.12373036575355724,0.1356225548157117,0.19233335957113712,2.21938404573676
rolling-100,100,36,0.05,0.12652715376997425,0.14352998973722217,0.17108349160419112,2.0395709838795852
rolling-100,100,37,0.05,0.12080155670029907,0.15332913378724783,0.184482175215623,1.8392981275772087
rolling-100,100,38,0.05,0.1233832132185926,0.139093301198272,0.16468905231163242,2.0084692572021225
rolling-100,100,39,0.05,0.11810440253927115,0.14822246608936002,0.17729616585633148,1.819236313962307
rolling-100,100,40,0.05,0.12049419496596499,0.1350457265298597,0.19085277741428644,1.9787227357907113
rolling-100,100,41,0.05,0.1156130066691107,0.14356415857694377,0.1707188205424792,1.7993803711733563
rolling-100,100,42,0.05,0.11783121730478593,0.13134282330640304,0.1835458300574693,1.9503315306081532
rolling-100,100,43,0.05,0.11330494545073143,0.13930484640155524,0.16469472455097542,1.7798823760598168
rolling-100,100,44,0.05,0.11536926451591994,0.12794557087198016,0.1768283014998761,1.9232682957789393
rolling-100,100,45,0.05,0.11927555126304311,0.13540057667204378,0.15917112749008516,1.760845075975908
rolling-100,100,46,0.05,0.11308665243552664,0.12481983574856259,0.17065013284907035,1.8974881694755794
rolling-100,100,47,0.05,0.11673926557977007,0.13181247152271905,0.15409887953150667,1.742334579759813
rolling-100,100,48,0.05,0.11096455642517059,0.12193582293676086,0.1649630310665491,1.8729358736464263
rolling-100,100,49,0.05,0.11438737541669747,0.12850629428928265,0.1765935209616367,1.7243901564290525
rolling-100,100,50,0.05,0.10898660044931106,0.11926754692531664,0.15972148113686316,1.8495506773049186
rolling-100,100,51,0.05,0.1122006932447669,0.12545197799653005,0.17077676877061984,1.7070316760187012
rolling-100,100,52,0.05,0.1071385030188586,0.11679234145256386,0.15488331070560113,1.8272697870272054
rolling-100,100,53,0.05,0.11016249471073451,0.12262315438251026,0.16539591417243846,1.6902651846625787
rolling-100,100,54,0.05,0.1054077743371727,0.1295622963388156,0.15040993001752492,1.541313660295316
rolling-100,100,55,0.05,0.10825816868024268,0.11999670651008111,0.16041192307595586,1.6740870359055293
rolling-100,100,56,0.05,0.1037834585212278,0.12656267859019943,0.1462663480176482,1.5302690029756292
rolling-100,100,57,0.05,0.10647491653888773,0.11755235747792052,0.1557887641462164,1.6584869237542463
rolling-100,100,58,0.05,0.10225591487877839,0.12377380833239607,0.16593268617603207,1.5194153821761631
rolling-100,100,59,0.05,0.10480149523209176,0.11527230071538042,0.15149350348236254,1.6434500913428565
rolling-100,100,60,0.05,0.1008166326451695,0.12117517651574233,0.1611838494390992,1.5087773880688076
rolling-100,100,61,0.05,0.10322799846544767,0.11314087287066417,0.14749625160367236,1.6289589272250282
rolling-100,100,62,0.05,0.0994580741557026,0.11874868323204213,0.156758379873058,1.4983718914750455
rolling-100,100,63,0.05,0.10174567078484772,0.11114426761829047,0.1437700172480163,1.614994110512498
rolling-100,100,64,0.05,0.09817354204905562,0.11647833365713217,0.15262820302589503,1.488209867174504
rolling-100,100,65,0.05,0.10034674973555166,0.10927028724381824,0.14029050779007576,1.601535425791866
rolling-100,100,66,0.05,0.0969570667042781,0.11434996888182543,0.14876779726400727,1.4782977904170167
rolling-100,100,67,0.05,0.09902433185143152,0.10750812819203166,0.1577567014466675,1.588562337582573
rolling-100,100,68,0.05,0.09580331067600456,0.11235102989837795,0.14515404771391968,1.4686387074092693
rolling-100,100,69,0.05,0.09777225878383468,0.10584819659331784,0.15377970972635108,1.5760543904286948
rolling-100,100,70,0.05,0.09470748739482011,0.11047035203866362,0.1417660690703339,1.4592330573275518
rolling-100,100,71,0.05,0.09658502040663527,0.1158154217349482,0.15004748550424715,1.3353116643617398
rolling-100,100,72,0.05,0.09366529183784655,0.10869798674253463,0.13858501572138965,1.450079305053464
rolling-100,100,73,0.05,0.09545767221146975,0.11381042487316972,0.14654020912308863,1.3290555853465946
rolling-100,100,74,0.05,0.09267284125035613,0.1070250474629221,0.13559389141680073,1.441174429580343
rolling-100,100,75,0.05,0.09438576472778525,0.11191945260189097,0.14323989856539743,1.3228800912613394
rolling-100,100,76,0.05,0.09172662431756472,0.105443576646183,0.13277736615188585,1.432514302118605
rolling-100,100,77,0.05,0.09336528306587412,0.11013336474194735,0.14013025148060027,1.3167943889386038
rolling-100,100,78,0.05,0.09574348841924324,0.10394643096768422,0.13012160471346462,1.4240939796344776
rolling-100,100,79,0.05,0.09239259499103517,0.10844394912580926,0.13719649006880547,1.3108055725290768
rolling-100,100,80,0.05,0.08996044709398075,0.102527182292849,0.14469205256179052,1.4159079332987972
rolling-100,100,81,0.05,0.09146440619869432,0.10684381071564501,0.13442521357130915,1.304918998787997
rolling-100,100,82,0.05,0.09365030936683894,0.10118003213527269,0.14165173228114358,1.4079502266158102
rolling-100,100,83,0.05,0.09057772167973058,0.10532627533526076,0.13180426100410186,1.299138593544484
rolling-100,100,84,0.05,0.09267609172547364,0.09989973767400172,0.13877451204623092,1.400214654471398
rolling-100,100,85,0.05,0.08972981224831873,0.10388530605122445,0.12932258533615873,1.293467103060749
rolling-100,100,86,0.05,0.09174578911708228,0.09868154765987479,0.13604865552344364,1.3926948516876791
rolling-100,100,87,0.05,0.08891818545685161,0.10251543046981114,0.143137642661705,1.28790630102516
rolling-100,100,88,0.05,0.09085651063489535,0.097521146780655,0.1334634557855285,1.3853843776761607
rolling-100,100,89,0.05,0.08814056024888615,0.10121167743785775,0.14031603211271867,1.2824571596373389
rolling-100,100,90,0.05,0.09000561505504127,0.09641460726524742,0.13100913496460437,1.3782767822792152
rolling-100,100,91,0.05,0.08739484480587587,0.09996952183931973,0.13763558545930904,1.2771199914830618
rolling-100,100,92,0.05,0.08919068433590743,0.10400150881104694,0.1286767531877018,1.1719152867998162
rolling-100,100,93,0.05,0.08667911713038878,0.0987848363617396,0.13508685767285317,1.2718945675265871
rolling-100,100,94,0.05,0.08840950041757033,0.09434909110339185,0.12645812642038548,1.3646446729410826
rolling-100,100,95,0.05,0.0859916079806594,0.09765384926734355,0.13266117996739266,1.2667802154888363
rolling-100,100,96,0.05,0.08766002485545024,0.10140666371107386,0.12434575264175089,1.1648069746699008
rolling-100,100,97,0.05,0.08533068583127142,0.0965731073428709,0.13035058709875177,1.2617759020452866
rolling-100,100,98,0.05,0.08694038089463417,0.10019678045767852,0.12233274567658237,1.1613107816739046
rolling-100,100,99,0.05,0.08469484358467869,0.0955394433222734,0.12814775161017378,1.256880301623866
rolling-100,100,100,0.4,0.08624883765161295,0.09904033643561583,0.13427136110727997,1.157857457867209
rolling-100,100,101,0.4,0.08624883765161295,0.09904033643561583,0.13427136110727997,1.157857457867209
rolling-100,100,102,0.4,0.08624883765161295,0.09904033643561583,0.13427136110727997,1.157857457867209
rolling-100,100,103,0.4,0.08624883765161295,0.09904033643561586,0.13427136110727997,1.1578574578671663
rolling-100,100,104,0.4,0.08624883765161295,0.09904033643561587,0.13427136110727997,1.1578574578671663
rolling-100,100,105,0.4,0.08624883765161295,0.09904033643561587,0.13427136110727997,1.1578574578671663
rolling-100,100,106,0.4,0.08624883765161295,0.09904033643561587,0.13427136110728016,1.1578574578671663
rolling-100,100,107,0.4,0.08624883765161301,0.09904033643561587,0.13427136110728016,1.1578574578671663
rolling-100,100,108,0.4,0.08624883765161301,0.09904033643561587,0.13823268659197796,1.1578574578671663
rolling-100,100,109,0.4,0.08624883765161301,0.09904033643561587,0.15011666304607135,1.1578574578671663
rolling-100,100,110,0.4,0.08624883765161301,0.10865461619089455,0.15011666304607135,0.9578323717142325
rolling-100,100,111,0.4,0.08624883765161301,0.10865461619089455,0.15011666304607135,0.9578323717142325
rolling-100,100,112,0.4,0.08624883765161301,0.10865461619089455,0.15011666304607135,0.9578323717142325
rolling-100,100,113,0.4,0.08624883765161301,0.10865461619089455,0.15011666304607135,0.9578323717141473
rolling-100,100,114,0.4,0.09157459059083772,0.10865461619089456,0.15011666304607135,0.9578323717141473
rolling-100,100,115,0.4,0.09157459059083772,0.10865461619089456,0.15011666304607135,0.9578323717141473
rolling-100,100,116,0.4,0.09157459059083772,0.10865461619089456,0.16773923592326695,0.9578323717141473
rolling-100,100,117,0.4,0.09157459059083772,0.12041277598070749,0.16773923592326695,0.7626138329557506
rolling-100,100,118,0.4,0.09157459059083772,0.12041277598070749,0.16773923592326695,0.7626138329557506
rolling-100,100,119,0.4,0.09157459059083774,0.12041277598070749,0.16773923592326717,0.7626138329557506
rolling-100,100,120,0.4,0.09157459059083774,0.12041277598070749,0.16773923592326717,0.7626138329557506
rolling-100,100,121,0.4,0.09157459059083774,0.12041277598070749,0.16773923592326717,0.7626138329557222
rolling-100,100,122,0.4,0.09157459059083774,0.12041277598070749,0.1868283297096594,0.7626138329557222
rolling-100,100,123,0.4,0.09157459059083774,0.12041277598070749,0.1868283297096594,0.7626138329557222
rolling-100,100,124,0.4,0.09904033643561583,0.13427136110727997,0.1868283297096594,0.5845456218390552
rolling-100,100,125,0.4,0.09904033643561583,0.13427136110727997,0.1868283297096594,0.5845456218390552
rolling-100,100,126,0.4,0.09904033643561583,0.13427136110727997,0.1868283297096594,0.5845456218390552
rolling-100,100,127,0.4,0.09904033643561583,0.13427136110728016,0.20699510046698355,0.5845456218390268
rolling-100,100,128,0.4,0.09904033643561587,0.13427136110728016,0.20699510046698355,0.5845456218390268
rolling-100,100,129,0.4,0.09904033643561587,0.15011666304607135,0.20699510046698355,0.4310339825835996
rolling-100,100,130,0.4,0.09904033643561587,0.15011666304607135,0.20699510046698355,0.4310339825835996
rolling-100,100,131,0.4,0.10865461619089455,0.15011666304607135,0.20699510046698355,0.4310339825835996
rolling-100,100,132,0.4,0.10865461619089455,0.15011666304607135,0.20699510046698355,0.4310339825835996
rolling-100,100,133,0.4,0.10865461619089455,0.15011666304607135,0.22782140456806546,0.4310339825835854
rolling-100,100,134,0.4,0.10865461619089456,0.15011666304607135,0.22782140456806546,0.4310339825835854
rolling-100,100,135,0.4,0.10865461619089456,0.15892794948466915,0.22782140456806546,0.3681507787450258
rolling-100,100,136,0.4,0.10865461619089456,0.16773923592326695,0.22782140456806596,0.30526757490646617
rolling-100,100,137,0.4,0.12041277598070749,0.16773923592326695,0.22782140456806596,0.30526757490646617
rolling-100,100,138,0.4,0.12041277598070749,0.16773923592326695,0.22782140456806596,0.30526757490646617
rolling-100,100,139,0.4,0.12041277598070749,0.16773923592326717,0.23309551854616695,0.30526757490642353
rolling-100,100,140,0.4,0.12041277598070749,0.16773923592326717,0.24891786048046993,0.30526757490642353
rolling-100,100,141,0.4,0.13427136110727997,0.1868283297096594,0.24891786048046993,0.2071982494704514
rolling-100,100,142,0.4,0.13427136110727997,0.1868283297096594,0.24891786048047,0.2071982494704514
rolling-100,100,143,0.4,0.13427136110727997,0.1868283297096594,0.24891786048047018,0.2071982494704514
rolling-100,100,144,0.4,0.13427136110728016,0.1868283297096594,0.24891786048047018,0.2071982494704443
rolling-100,100,145,0.4,0.13427136110728016,0.1868283297096594,0.26996928165595374,0.2071982494704372
rolling-100,100,146,0.4,0.13427136110728016,0.1868283297096594,0.26996928165595374,0.2071982494704372
rolling-100,100,147,0.4,0.13427136110728016,0.20699510046698355,0.2699692816559539,0.13447752845340233
rolling-100,100,148,0.4,0.15011666304607135,0.20699510046698355,0.2699692816559539,0.13447752845340233
rolling-100,100,149,0.4,0.15011666304607135,0.20699510046698355,0.2699692816559539,0.13447752845340233
rolling-100,100,150,0.4,0.15011666304607135,0.20699510046698355,0.2699692816559539,0.1344775284533597
rolling-100,100,151,0.4,0.15011666304607135,0.20699510046698355,0.2699692816559539,0.1344775284533597
rolling-100,100,152,0.4,0.15011666304607135,0.2174082525175245,0.2907516790554632,0.108888671329332
rolling-100,100,153,0.4,0.15011666304607135,0.22782140456806546,0.2907516790554632,0.0832998142053043
rolling-100,100,154,0.4,0.15011666304607135,0.22782140456806546,0.29075167905546334,0.0832998142053043
rolling-100,100,155,0.4,0.16773923592326695,0.22782140456806596,0.29075167905546334,0.0832998142053043
rolling-100,100,156,0.4,0.16773923592326695,0.22782140456806596,0.29075167905546334,0.0832998142053043
rolling-100,100,157,0.4,0.16773923592326717,0.22782140456806596,0.2958433857191738,0.0832998142053043
rolling-100,100,158,0.4,0.16773923592326717,0.24891786048046993,0.31111850571030525,0.049183169470538246
rolling-100,100,159,0.4,0.16773923592326717,0.24891786048046993,0.31111850571030525,0.049183169470538246
rolling-100,100,160,0.4,0.16773923592326717,0.24891786048046993,0.31111850571030525,0.049183169470538246
rolling-100,100,161,0.4,0.1868283297096594,0.24891786048046993,0.31111850571030525,0.049183169470538246
rolling-100,100,162,0.4,0.1868283297096594,0.24891786048047018,0.31111850571030525,0.049183169470524035
rolling-100,100,163,0.4,0.1868283297096594,0.24891786048047018,0.31111850571030525,0.049183169470524035
rolling-100,100,164,0.4,0.1868283297096594,0.259443571068212,0.3309660969740893,0.038423882123552744
rolling-100,100,165,0.4,0.1868283297096594,0.26996928165595374,0.3309660969740893,0.027664594776581453
rolling-100,100,166,0.4,0.1868283297096594,0.26996928165595374,0.3309660969740893,0.027664594776581453
rolling-100,100,167,0.4,0.20699510046698355,0.26996928165595374,0.3309660969740895,0.027664594776581453
rolling-100,100,168,0.4,0.20699510046698355,0.26996928165595374,0.3309660969740895,0.027664594776581453
rolling-100,100,169,0.4,0.20699510046698355,0.2699692816559539,0.3309660969740895,0.02766459477653882
rolling-100,100,170,0.4,0.20699510046698355,0.2699692816559539,0.3501938068062911,0.02766459477653882
rolling-100,100,171,0.4,0.20699510046698355,0.2699692816559539,0.3501938068062911,0.02766459477653882
rolling-100,100,172,0.4,0.22782140456806546,0.2907516790554632,0.35019380680629136,0.014824829402570572
rolling-100,100,173,0.4,0.22782140456806546,0.2907516790554632,0.35019380680629136,0.014824829402570572
rolling-100,100,174,0.4,0.22782140456806596,0.29075167905546334,0.35019380680629136,0.014824829402556361
rolling-100,100,175,0.4,0.22782140456806596,0.29075167905546334,0.3686732598082205,0.014824829402556361
rolling-100,100,176,0.4,0.22782140456806596,0.29075167905546334,0.3686732598082205,0.014824829402556361
rolling-100,100,177,0.4,0.22782140456806596,0.31111850571030525,0.3686732598082205,0.007572054403155448
rolling-100,100,178,0.4,0.24891786048046993,0.31111850571030525,0.36867325980822063,0.007572054403155448
rolling-100,100,179,0.4,0.24891786048046993,0.31111850571030525,0.36867325980822063,0.0075720544031270265
rolling-100,100,180,0.4,0.24891786048047018,0.31111850571030525,0.36867325980822063,0.0075720544031270265
rolling-100,100,181,0.4,0.24891786048047018,0.3309660969740893,0.38623626584714993,0.003688858235463499
rolling-100,100,182,0.4,0.24891786048047018,0.3309660969740893,0.38623626584714993,0.003688858235463499
rolling-100,100,183,0.4,0.26996928165595374,0.3309660969740893,0.38623626584715,0.003688858235463499
rolling-100,100,184,0.4,0.26996928165595374,0.3309660969740894,0.38623626584715,0.003688858235463499
rolling-100,100,185,0.4,0.2699692816559539,0.3309660969740895,0.38623626584715,0.0036888582354492883
rolling-100,100,186,0.4,0.2699692816559539,0.3309660969740895,0.38623626584715,0.0036888582354492883
rolling-100,100,187,0.4,0.2699692816559539,0.3501938068062911,0.4026844211625592,0.0017153998207248833
rolling-100,100,188,0.4,0.2907516790554632,0.3501938068062911,0.4026844211625592,0.0017153998207248833
rolling-100,100,189,0.4,0.29075167905546334,0.3501938068062911,0.4026844211625592,0.0017153998207248833
rolling-100,100,190,0.4,0.29075167905546334,0.35019380680629136,0.4026844211625592,0.0017153998207248833
rolling-100,100,191,0.4,0.29075167905546334,0.35019380680629136,0.4026844211625592,0.0017153998207248833
rolling-100,100,192,0.4,0.29075167905546334,0.35019380680629136,0.4178163459536226,0.0017153998207248833
rolling-100,100,193,0.4,0.31111850571030525,0.3686732598082205,0.4178163459536226,0.0007621138424980245
rolling-100,100,194,0.4,0.31111850571030525,0.3686732598082205,0.4178163459536226,0.0007621138424980245
rolling-100,100,195,0.4,0.31111850571030525,0.36867325980822063,0.4178163459536227,0.0007621138424838136
rolling-100,100,196,0.4,0.31111850571030525,0.36867325980822063,0.4178163459536227,0.0007621138424838136
rolling-100,100,197,0.4,0.31111850571030525,0.38623626584714993,0.4178163459536227,0.00032383960308379756
rolling-100,100,198,0.4,0.3309660969740893,0.38623626584714993,0.43146254729741873,0.00032383960308379756
rolling-100,100,199,0.4,0.3309660969740893,0.38623626584714993,0.43146254729741873,0.00032383960308379756
rolling-100,100,200,0.4,0.3309660969740893,0.38623626584714993,0.431462547297419,0.00032383960308379756
